{
    "epoch": 3.0,
    "total_flos": 2.3121976664457216e+16,
    "train_loss": 0.7643293258833377,
    "train_runtime": 8419.6071,
    "train_samples_per_second": 5.968,
    "train_steps_per_second": 0.746
}