{
    "epoch": 3.0,
    "eval_accuracy": 0.8146998175648283,
    "eval_loss": 0.7624239921569824,
    "eval_runtime": 44.0389,
    "eval_samples_per_second": 21.118,
    "eval_steps_per_second": 10.559,
    "total_flos": 2.2958159371370496e+16,
    "train_loss": 0.8315408931952,
    "train_runtime": 8039.8688,
    "train_samples_per_second": 6.25,
    "train_steps_per_second": 0.781
}