{
    "epoch": 3.0,
    "eval_accuracy": 0.812585485387447,
    "eval_loss": 0.9420442581176758,
    "eval_runtime": 16.6065,
    "eval_samples_per_second": 33.481,
    "eval_steps_per_second": 16.74
}