{
    "predict_bleu-4": 41.31753657587549,
    "predict_model_preparation_time": 0.0041,
    "predict_rouge-1": 71.89030233463033,
    "predict_rouge-2": 44.17333813229572,
    "predict_rouge-l": 52.16653929961089,
    "predict_runtime": 252.6106,
    "predict_samples_per_second": 1.017,
    "predict_steps_per_second": 0.131
}