{
    "epoch": 2.0,
    "eval_accuracy": 0.8508094327833379,
    "eval_loss": 0.553770124912262,
    "eval_runtime": 27.3199,
    "eval_samples_per_second": 20.351,
    "eval_steps_per_second": 20.351,
    "total_flos": 8383846165118976.0,
    "train_loss": 0.1941113827146987,
    "train_runtime": 1613.7072,
    "train_samples_per_second": 12.456,
    "train_steps_per_second": 1.558
}