{
    "epoch": 3.0,
    "eval_accuracy": 0.8115205156155919,
    "eval_loss": 0.7803059816360474,
    "eval_runtime": 43.7565,
    "eval_samples_per_second": 21.254,
    "eval_steps_per_second": 10.627,
    "total_flos": 2.289991322271744e+16,
    "train_loss": 0.8570380920401351,
    "train_runtime": 7366.3147,
    "train_samples_per_second": 6.822,
    "train_steps_per_second": 0.853
}