{
    "epoch": 3.0,
    "total_flos": 2.289991322271744e+16,
    "train_loss": 0.8570380920401351,
    "train_runtime": 7366.3147,
    "train_samples_per_second": 6.822,
    "train_steps_per_second": 0.853
}