{
    "epoch": 3.0,
    "total_flos": 2.469186170683392e+16,
    "train_loss": 0.5927141378048081,
    "train_runtime": 7448.332,
    "train_samples_per_second": 6.746,
    "train_steps_per_second": 0.843
}