{
    "predict_bleu-4": 34.270499610894944,
    "predict_model_preparation_time": 0.0043,
    "predict_rouge-1": 62.73677159533073,
    "predict_rouge-2": 37.0875112840467,
    "predict_rouge-l": 45.156118287937744,
    "predict_runtime": 1535.3958,
    "predict_samples_per_second": 0.167,
    "predict_steps_per_second": 0.021
}