{
    "epoch": 3.0,
    "total_flos": 2.3121976664457216e+16,
    "train_loss": 0.7811951795530638,
    "train_runtime": 11662.2197,
    "train_samples_per_second": 4.309,
    "train_steps_per_second": 0.539
}