{
    "epoch": 3.0,
    "eval_accuracy": 0.8128377049357757,
    "eval_loss": 0.7730488181114197,
    "eval_runtime": 43.8489,
    "eval_samples_per_second": 21.209,
    "eval_steps_per_second": 10.605
}