{
    "epoch": 3.0,
    "eval_accuracy": 0.8375205265524623,
    "eval_loss": 0.6978189945220947,
    "eval_runtime": 30.4822,
    "eval_samples_per_second": 30.51,
    "eval_steps_per_second": 15.255
}