{
    "epoch": 3.0,
    "eval_accuracy": 0.8160273950039566,
    "eval_loss": 0.7542381882667542,
    "eval_runtime": 34.1136,
    "eval_samples_per_second": 27.262,
    "eval_steps_per_second": 13.631,
    "total_flos": 2.289991322271744e+16,
    "train_loss": 0.8245945873817643,
    "train_runtime": 5762.9751,
    "train_samples_per_second": 8.719,
    "train_steps_per_second": 1.09
}