{
    "epoch": 3.0,
    "total_flos": 2.289991322271744e+16,
    "train_loss": 0.8245945873817643,
    "train_runtime": 5762.9751,
    "train_samples_per_second": 8.719,
    "train_steps_per_second": 1.09
}