{
    "epoch": 3.0,
    "eval_accuracy": 0.8210969732449156,
    "eval_loss": 0.7283162474632263,
    "eval_runtime": 57.7233,
    "eval_samples_per_second": 16.111,
    "eval_steps_per_second": 8.056,
    "total_flos": 2.340228625485005e+16,
    "train_loss": 0.753241239014191,
    "train_runtime": 10377.0279,
    "train_samples_per_second": 4.842,
    "train_steps_per_second": 0.605
}