{
    "epoch": 3.0,
    "total_flos": 2.340228625485005e+16,
    "train_loss": 0.753241239014191,
    "train_runtime": 10377.0279,
    "train_samples_per_second": 4.842,
    "train_steps_per_second": 0.605
}