{
    "epoch": 1.0,
    "eval_accuracy": 0.8077070947712375,
    "eval_loss": 0.7967978119850159,
    "eval_runtime": 60.0702,
    "eval_samples_per_second": 15.482,
    "eval_steps_per_second": 7.741
}