{
    "epoch": 3.0,
    "eval_accuracy": 0.8245570378226699,
    "eval_loss": 0.723755955696106,
    "eval_runtime": 21.039,
    "eval_samples_per_second": 26.427,
    "eval_steps_per_second": 13.214
}