{
    "epoch": 3.0,
    "eval_accuracy": 0.8171809606006357,
    "eval_loss": 0.744908332824707,
    "eval_runtime": 34.5399,
    "eval_samples_per_second": 26.925,
    "eval_steps_per_second": 13.463,
    "total_flos": 2.2958159371370496e+16,
    "train_loss": 0.8107511238169799,
    "train_runtime": 5820.9485,
    "train_samples_per_second": 8.633,
    "train_steps_per_second": 1.079
}