{
    "epoch": 3.0,
    "eval_accuracy": 0.8551338863360913,
    "eval_loss": 0.6086149215698242,
    "eval_runtime": 14.1104,
    "eval_samples_per_second": 39.404,
    "eval_steps_per_second": 19.702,
    "total_flos": 1.2570528825704448e+16,
    "train_loss": 0.47275605839653695,
    "train_runtime": 13128.6214,
    "train_samples_per_second": 2.297,
    "train_steps_per_second": 0.287
}