{
    "epoch": 3.0,
    "eval_accuracy": 0.8551338863360913,
    "eval_loss": 0.6086149215698242,
    "eval_runtime": 14.1104,
    "eval_samples_per_second": 39.404,
    "eval_steps_per_second": 19.702
}